N301;N310;;;;;;;;;;;;;;;;;;;;;;;;;;;;;;;;;;;;;;;;;;;;;;;;;;;;
N302;N530;N531;N532;N338;;;;;;;;;;;;;;;;;;;;;;;;;;;;;;;;;;;;;;;;;;;;;;;;;
N303;N501;N502;N503;N504;N505;N506;N507;N332;;;;;;;;;;;;;;;;;;;;;;;;;;;;;;;;;;;;;;;;;;;;;
N304;N428;N322;;;;;;;;;;;;;;;;;;;;;;;;;;;;;;;;;;;;;;;;;;;;;;;;;;;
N305;N432;N433;N340;;;;;;;;;;;;;;;;;;;;;;;;;;;;;;;;;;;;;;;;;;;;;;;;;;
N306;N465;N325;;;;;;;;;;;;;;;;;;;;;;;;;;;;;;;;;;;;;;;;;;;;;;;;;;;
N307;N401;N402;N350;;;;;;;;;;;;;;;;;;;;;;;;;;;;;;;;;;;;;;;;;;;;;;;;;;
N308;N487;N316;;;;;;;;;;;;;;;;;;;;;;;;;;;;;;;;;;;;;;;;;;;;;;;;;;;
N309;N499;N500;N442;;;;;;;;;;;;;;;;;;;;;;;;;;;;;;;;;;;;;;;;;;;;;;;;;;
N310;N407;N408;N409;N410;N411;N412;N413;N414;N415;N416;N331;;;;;;;;;;;;;;;;;;;;;;;;;;;;;;;;;;;;;;;;;;
N311;N483;N484;N485;N428;;;;;;;;;;;;;;;;;;;;;;;;;;;;;;;;;;;;;;;;;;;;;;;;;
N312;N522;N523;N524;N525;N526;N512;;;;;;;;;;;;;;;;;;;;;;;;;;;;;;;;;;;;;;;;;;;;;;;
N313;N518;N519;N520;N521;N346;;;;;;;;;;;;;;;;;;;;;;;;;;;;;;;;;;;;;;;;;;;;;;;;
N314;N462;N339;;;;;;;;;;;;;;;;;;;;;;;;;;;;;;;;;;;;;;;;;;;;;;;;;;;
N315;N435;N436;N437;N438;N344;;;;;;;;;;;;;;;;;;;;;;;;;;;;;;;;;;;;;;;;;;;;;;;;
N316;N348;;;;;;;;;;;;;;;;;;;;;;;;;;;;;;;;;;;;;;;;;;;;;;;;;;;;
N317;N427;N304;;;;;;;;;;;;;;;;;;;;;;;;;;;;;;;;;;;;;;;;;;;;;;;;;;;
N318;N350;;;;;;;;;;;;;;;;;;;;;;;;;;;;;;;;;;;;;;;;;;;;;;;;;;;;
N319;N321;;;;;;;;;;;;;;;;;;;;;;;;;;;;;;;;;;;;;;;;;;;;;;;;;;;;
N320;N496;N497;N498;N309;;;;;;;;;;;;;;;;;;;;;;;;;;;;;;;;;;;;;;;;;;;;;;;;;
N321;N420;N421;N422;N423;N424;N425;N426;N324;;;;;;;;;;;;;;;;;;;;;;;;;;;;;;;;;;;;;;;;;;;;;
N322;N429;N430;N323;;;;;;;;;;;;;;;;;;;;;;;;;;;;;;;;;;;;;;;;;;;;;;;;;;
N323;N340;;;;;;;;;;;;;;;;;;;;;;;;;;;;;;;;;;;;;;;;;;;;;;;;;;;;
N324;N335;;;;;;;;;;;;;;;;;;;;;;;;;;;;;;;;;;;;;;;;;;;;;;;;;;;;
N325;N463;N464;N330;;;;;;;;;;;;;;;;;;;;;;;;;;;;;;;;;;;;;;;;;;;;;;;;;;
N326;N343;N324;;;;;;;;;;;;;;;;;;;;;;;;;;;;;;;;;;;;;;;;;;;;;;;;;;;
N327;N400;;;;;;;;;;;;;;;;;;;;;;;;;;;;;;;;;;;;;;;;;;;;;;;;;;;;
N328;N125;;;;;;;;;;;;;;;;;;;;;;;;;;;;;;;;;;;;;;;;;;;;;;;;;;;;
N329;N438;;;;;;;;;;;;;;;;;;;;;;;;;;;;;;;;;;;;;;;;;;;;;;;;;;;;
N330;N448;N449;N450;N451;N452;;;;;;;;;;;;;;;;;;;;;;;;;;;;;;;;;;;;;;;;;;;;;;;;
N331;N417;N418;N419;N51;;;;;;;;;;;;;;;;;;;;;;;;;;;;;;;;;;;;;;;;;;;;;;;;;
N332;N488;N489;N490;N491;N316;;;;;;;;;;;;;;;;;;;;;;;;;;;;;;;;;;;;;;;;;;;;;;;;
N333;N508;N346;;;;;;;;;;;;;;;;;;;;;;;;;;;;;;;;;;;;;;;;;;;;;;;;;;;
N334;N424;;;;;;;;;;;;;;;;;;;;;;;;;;;;;;;;;;;;;;;;;;;;;;;;;;;;
N335;N842;N443;N444;N445;N446;N447;N330;;;;;;;;;;;;;;;;;;;;;;;;;;;;;;;;;;;;;;;;;;;;;;
N336;N5;;;;;;;;;;;;;;;;;;;;;;;;;;;;;;;;;;;;;;;;;;;;;;;;;;;;
N337;N400;N326;;;;;;;;;;;;;;;;;;;;;;;;;;;;;;;;;;;;;;;;;;;;;;;;;;;
N338;N456;;;;;;;;;;;;;;;;;;;;;;;;;;;;;;;;;;;;;;;;;;;;;;;;;;;;
N339;N464;;;;;;;;;;;;;;;;;;;;;;;;;;;;;;;;;;;;;;;;;;;;;;;;;;;;
N340;N434;N315;;;;;;;;;;;;;;;;;;;;;;;;;;;;;;;;;;;;;;;;;;;;;;;;;;;
N341;N527;N528;N529;N313;;;;;;;;;;;;;;;;;;;;;;;;;;;;;;;;;;;;;;;;;;;;;;;;;
N342;N453;N454;N455;N456;N457;N458;N459;N460;N461;N452;N1;;;;;;;;;;;;;;;;;;;;;;;;;;;;;;;;;;;;;;;;;;
N343;N324;;;;;;;;;;;;;;;;;;;;;;;;;;;;;;;;;;;;;;;;;;;;;;;;;;;;
N344;N439;N440;N441;N442;N342;;;;;;;;;;;;;;;;;;;;;;;;;;;;;;;;;;;;;;;;;;;;;;;;
N345;N28;;;;;;;;;;;;;;;;;;;;;;;;;;;;;;;;;;;;;;;;;;;;;;;;;;;;
N346;N509;N510;N511;N512;N513;N514;N515;N516;N517;N456;;;;;;;;;;;;;;;;;;;;;;;;;;;;;;;;;;;;;;;;;;;
N347;N750;N751;N752;N753;N754;N755;N333;;;;;;;;;;;;;;;;;;;;;;;;;;;;;;;;;;;;;;;;;;;;;;
N348;N493;N494;N495;N320;;;;;;;;;;;;;;;;;;;;;;;;;;;;;;;;;;;;;;;;;;;;;;;;;
N349;N403;N337;;;;;;;;;;;;;;;;;;;;;;;;;;;;;;;;;;;;;;;;;;;;;;;;;;;
N350;N404;N405;N406;N324;;;;;;;;;;;;;;;;;;;;;;;;;;;;;;;;;;;;;;;;;;;;;;;;;
N351;N471;N472;N360;;;;;;;;;;;;;;;;;;;;;;;;;;;;;;;;;;;;;;;;;;;;;;;;;;
N352;N468;N467;;;;;;;;;;;;;;;;;;;;;;;;;;;;;;;;;;;;;;;;;;;;;;;;;;;
N353;N358;;;;;;;;;;;;;;;;;;;;;;;;;;;;;;;;;;;;;;;;;;;;;;;;;;;;
N354;N472;;;;;;;;;;;;;;;;;;;;;;;;;;;;;;;;;;;;;;;;;;;;;;;;;;;;
N355;N486;N308;;;;;;;;;;;;;;;;;;;;;;;;;;;;;;;;;;;;;;;;;;;;;;;;;;;
N356;N469;N351;;;;;;;;;;;;;;;;;;;;;;;;;;;;;;;;;;;;;;;;;;;;;;;;;;;
N357;N466;N467;N351;;;;;;;;;;;;;;;;;;;;;;;;;;;;;;;;;;;;;;;;;;;;;;;;;;
N358;N470;N360;;;;;;;;;;;;;;;;;;;;;;;;;;;;;;;;;;;;;;;;;;;;;;;;;;;
N359;N427;;;;;;;;;;;;;;;;;;;;;;;;;;;;;;;;;;;;;;;;;;;;;;;;;;;;
N360;N473;N474;N475;N476;N477;N478;N479;N480;N481;N482;N329;;;;;;;;;;;;;;;;;;;;;;;;;;;;;;;;;;;;;;;;;;
N361;N362;;;;;;;;;;;;;;;;;;;;;;;;;;;;;;;;;;;;;;;;;;;;;;;;;;;;
N362;N368;;;;;;;;;;;;;;;;;;;;;;;;;;;;;;;;;;;;;;;;;;;;;;;;;;;;
N363;N369;;;;;;;;;;;;;;;;;;;;;;;;;;;;;;;;;;;;;;;;;;;;;;;;;;;;
N364;N545;N546;N547;N548;N369;;;;;;;;;;;;;;;;;;;;;;;;;;;;;;;;;;;;;;;;;;;;;;;;
N365;N533;N534;N535;N536;N312;;;;;;;;;;;;;;;;;;;;;;;;;;;;;;;;;;;;;;;;;;;;;;;;
N366;N553;N552;N554;;;;;;;;;;;;;;;;;;;;;;;;;;;;;;;;;;;;;;;;;;;;;;;;;;
N367;N537;N538;N539;N535;;;;;;;;;;;;;;;;;;;;;;;;;;;;;;;;;;;;;;;;;;;;;;;;;
N368;N540;N541;N542;N543;N544;N538;;;;;;;;;;;;;;;;;;;;;;;;;;;;;;;;;;;;;;;;;;;;;;;
N369;N554;N555;N556;N557;N558;N559;N843;N844;N845;N846;N847;N368;;;;;;;;;;;;;;;;;;;;;;;;;;;;;;;;;;;;;;;;;
N370;N190;N365;;;;;;;;;;;;;;;;;;;;;;;;;;;;;;;;;;;;;;;;;;;;;;;;;;;
N371;N549;N550;N551;N546;;;;;;;;;;;;;;;;;;;;;;;;;;;;;;;;;;;;;;;;;;;;;;;;;
N1;N2;N3;N4;N5;N6;N7;N8;N9;N10;N11;N12;N13;N14;N15;N16;N17;N18;N19;N20;N21;N22;N23;N24;N25;N26;N27;N28;N29;N30;N31;N32;N33;N34;N35;N36;N37;N38;N39;N40;N41;N42;N43;N44;N45;N46;N47;N48;N49;N50;N161;N162;N163;N164
N161;N560;N561;;;;;;;;;;;;;;;;;;;;;;;;;;;;;;;;;;;;;;;;;;;;;;;;;;;
N50;N51;N52;N53;N54;N55;N56;N57;N58;N59;N60;N169;N170;N171;;;;;;;;;;;;;;;;;;;;;;;;;;;;;;;;;;;;;;;;
N60;N61;N62;N165;N166;N167;N168;;;;;;;;;;;;;;;;;;;;;;;;;;;;;;;;;;;;;;;;;;;;;;;
N62;N63;N64;N172;N173;N174;N175;;;;;;;;;;;;;;;;;;;;;;;;;;;;;;;;;;;;;;;;;;;;;;;
N64;N65;N66;N67;N68;N176;N177;N178;;;;;;;;;;;;;;;;;;;;;;;;;;;;;;;;;;;;;;;;;;;;;;
N68;N69;N70;N71;N72;N73;N74;N75;N76;N179;N180;;;;;;;;;;;;;;;;;;;;;;;;;;;;;;;;;;;;;;;;;;;
N76;N77;N78;N79;N80;N81;N82;N83;N84;N85;N86;N181;N182;;;;;;;;;;;;;;;;;;;;;;;;;;;;;;;;;;;;;;;;;
N86;N87;N88;N89;N90;N91;N92;N93;N94;N95;N96;N97;N98;N183;N184;;;;;;;;;;;;;;;;;;;;;;;;;;;;;;;;;;;;;;;
N98;N99;N100;N101;N102;N103;N104;N105;N106;N107;N108;N109;N110;N111;N185;;;;;;;;;;;;;;;;;;;;;;;;;;;;;;;;;;;;;;;
N111;N112;N113;N114;N115;N116;N117;N118;N119;N120;N226;;;;;;;;;;;;;;;;;;;;;;;;;;;;;;;;;;;;;;;;;;;
N120;N186;N187;N188;N580;N581;N582;N583;N584;N585;N586;;;;;;;;;;;;;;;;;;;;;;;;;;;;;;;;;;;;;;;;;;;
N9;N121;N122;N123;N124;N125;N126;N127;N128;N129;N130;N131;N132;N133;N134;N135;N136;N137;N138;N139;N140;N141;N142;N143;N144;N145;N154;;;;;;;;;;;;;;;;;;;;;;;;;;;
N145;N146;N153;N154;N155;N156;N157;N158;N159;;;;;;;;;;;;;;;;;;;;;;;;;;;;;;;;;;;;;;;;;;;;;
N146;N147;N148;N149;N150;N650;;;;;;;;;;;;;;;;;;;;;;;;;;;;;;;;;;;;;;;;;;;;;;;;
N148;N151;N152;;;;;;;;;;;;;;;;;;;;;;;;;;;;;;;;;;;;;;;;;;;;;;;;;;;
N700;N701;N702;N703;N704;N705;N706;N707;N708;N709;N710;N189;;;;;;;;;;;;;;;;;;;;;;;;;;;;;;;;;;;;;;;;;;
N720;N721;N722;N723;N724;N702;;;;;;;;;;;;;;;;;;;;;;;;;;;;;;;;;;;;;;;;;;;;;;;;
N770;N771;;;;;;;;;;;;;;;;;;;;;;;;;;;;;;;;;;;;;;;;;;;;;;;;;;;;
N771;N772;N725;;;;;;;;;;;;;;;;;;;;;;;;;;;;;;;;;;;;;;;;;;;;;;;;;;;
N725;N723;;;;;;;;;;;;;;;;;;;;;;;;;;;;;;;;;;;;;;;;;;;;;;;;;;;;
N727;N728;N729;N189;;;;;;;;;;;;;;;;;;;;;;;;;;;;;;;;;;;;;;;;;;;;;;;;;;
N730;N731;N732;N733;N734;N735;;;;;;;;;;;;;;;;;;;;;;;;;;;;;;;;;;;;;;;;;;;;;;;;
N735;N736;N737;N738;N739;N729;;;;;;;;;;;;;;;;;;;;;;;;;;;;;;;;;;;;;;;;;;;;;;;;
N775;N776;N726;N708;;;;;;;;;;;;;;;;;;;;;;;;;;;;;;;;;;;;;;;;;;;;;;;;;;
N189;N192;N193;N194;N195;N196;N197;N198;N199;N200;N201;N202;N203;N204;N205;N206;N207;N208;N209;N210;N211;N212;N213;N214;N215;N216;N217;N218;N219;N220;N221;N222;N223;N224;N225;N226;;;;;;;;;;;;;;;;;;
N161;N560;N561;;;;;;;;;;;;;;;;;;;;;;;;;;;;;;;;;;;;;;;;;;;;;;;;;;;
N54;N562;N563;;;;;;;;;;;;;;;;;;;;;;;;;;;;;;;;;;;;;;;;;;;;;;;;;;;
N9;N570;;;;;;;;;;;;;;;;;;;;;;;;;;;;;;;;;;;;;;;;;;;;;;;;;;;;
N35;N571;;;;;;;;;;;;;;;;;;;;;;;;;;;;;;;;;;;;;;;;;;;;;;;;;;;;
N451;N572;;;;;;;;;;;;;;;;;;;;;;;;;;;;;;;;;;;;;;;;;;;;;;;;;;;;
N585;N587;N588;N589;N590;N591;N592;;;;;;;;;;;;;;;;;;;;;;;;;;;;;;;;;;;;;;;;;;;;;;;
N181;N595;N596;N597;N598;N599;N600;N601;N602;N603;N604;N605;N606;N607;N608;N609;N610;N611;N612;N613;N614;;;;;;;;;;;;;;;;;;;;;;;;;;;;;;;;;
N122;N620;N621;;;;;;;;;;;;;;;;;;;;;;;;;;;;;;;;;;;;;;;;;;;;;;;;;;;
N150;N630;N631;N632;N633;N634;N635;N636;N637;N638;N639;N640;N641;N642;N643;N644;N645;N646;;;;;;;;;;;;;;;;;;;;;;;;;;;;;;;;;;;;
